zurich_class,event_rate,total,events
E,0.15517241379310345,116,18
F,0.11764705882352941,51,6
D,0.09174311926605505,327,30
C,0.03832752613240418,287,11
B,0.018867924528301886,212,4
H,0.010101010101010102,396,4
