{
  "threshold": 0.24,
  "accuracy": 0.8530259365994236,
  "precision": 0.2,
  "recall": 0.6111111111111112,
  "specificity": 0.8662613981762918,
  "f1": 0.30136986301369867,
  "f2": 0.4330708661417323,
  "false_positives": 44,
  "false_negatives": 7,
  "true_positives": 11,
  "true_negatives": 285,
  "summary": {
    "rows": 1389,
    "train_rows": 1042,
    "test_rows": 347,
    "positive_events": 73,
    "positive_rate": 5.25557955363571,
    "source": "UCI Machine Learning Repository - Solar Flare Dataset",
    "question": "Prever/priorizar risco de flares solares M ou X em 24 horas."
  }
}